Index,First Name,City,Country,Subscription Date
1,Sheryl,East Leonard,Chile,8/24/2020
2,Preston,East Jimmychester,Djibouti,4/23/2021
3,Roy,Isabelborough,Antigua and Barbuda,3/25/2020
4,Linda,Bensonview,Dominican Republic,6/2/2020
5,Joanna,West Priscilla,Slovakia (Slovak Republic),4/17/2021
6,Aimee,Chavezborough,Bosnia and Herzegovina,2/25/2020
7,Darren,Lake Ana,Pitcairn Islands,8/24/2021
8,Brett,Kimport,Bulgaria,4/12/2021
9,Sheryl,Robersonstad,Cyprus,1/13/2020
10,Michelle,Elaineberg,Timor-Leste,11/8/2021
11,Carl,Shannonville,Guernsey,10/20/2021
12,Jenna,East Andrea,Vietnam,11/29/2020
13,Tracey,South Joannamouth,Togo,12/2/2021
14,Kristine,Jodyberg,Sri Lanka,2/8/2021
15,Faith,Burchbury,Singapore,1/26/2022
16,Miranda,Desireeshire,Oman,4/12/2022
17,Caroline,West Adriennestad,Western Sahara,3/10/2021
18,Greg,Lake Leslie,Mozambique,3/26/2022
19,Clifford,Harmonview,South Georgia and the South Sandwich Islands,9/24/2020
20,Joanna,Jamesshire,French Polynesia,9/24/2021
21,Maxwell,East Carly,Malta,1/12/2022
22,Kiara,South Alvin,Netherlands,9/15/2020
23,Colleen,Brittanyview,Paraguay,8/19/2020
24,Janet,Veronicamouth,Lao People's Democratic Republic,9/8/2020
25,Shane,Bryanville,Albania,4/6/2021
26,Marcus,Kaitlyntown,Panama,5/24/2022
27,Dakota,Michealshire,Belarus,2/20/2022
28,Frederick,South Marissatown,Switzerland,5/26/2022
29,Stefanie,Acevedoville,Saint Vincent and the Grenadines,7/30/2020
30,Kent,North Harold,Tanzania,4/26/2020
31,Jack,West Samuel,Zimbabwe,9/15/2021
32,Tom,Cunninghamborough,Denmark,1/13/2022
33,Gabriel,Port Annatown,Liechtenstein,4/24/2021
34,Kaitlyn,New Kaitlyn,United States of America,9/21/2021
35,Faith,West Marthaburgh,Bahamas,11/3/2021
36,Tammie,East Teresa,Belize,1/4/2022
37,Nicholas,South Hunter,Uruguay,8/10/2021
38,Jordan,South Walter,Solomon Islands,2/24/2021
39,Bruce,Poolefurt,Montenegro,10/22/2021
40,Sherry,West John,Poland,11/1/2021
41,Natalie,West Darius,Dominican Republic,10/10/2020
42,Bryan,North Jimstad,Burkina Faso,9/8/2021
43,Wayne,East Rebekahborough,Bolivia,12/13/2020
44,Luis,North Drew,Bulgaria,5/15/2022
45,Rhonda,Lake Lindaburgh,Monaco,12/6/2021
46,Joanne,Gwendolynview,Palau,7/1/2020
47,Geoffrey,Zimmermanland,Uzbekistan,4/23/2020
48,Gloria,North Kerriton,Ghana,3/11/2022
49,Brady,North Eileenville,United Arab Emirates,3/10/2022
50,Latoya,Port Sergiofort,Belarus,12/2/2021
51,Gerald,New Alberttown,Canada,3/19/2021
52,Samuel,South Jasmine,Algeria,3/27/2021
53,Patricia,Cowanfort,Swaziland,3/8/2021
54,Stacie,New Deborah,Madagascar,10/15/2020
55,Robin,Wallstown,Ecuador,1/13/2022
56,Ralph,Lake Ellenchester,Palestinian Territory,5/25/2020
57,Phyllis,Lake Whitney,Saint Barthelemy,1/25/2021
58,Danny,East Jaredbury,United Arab Emirates,3/17/2021
59,Kathy,Selenabury,South Georgia and the South Sandwich Islands,11/15/2020
60,Kelli,Huangfort,Sao Tome and Principe,12/20/2020
61,Lynn,East Pennyshire,Portugal,8/21/2020
62,Shelley,Port Jasminborough,Togo,12/10/2020
63,Eddie,West Kristine,Ethiopia,3/24/2022
64,Chloe,South Julia,Netherlands,5/15/2022
65,Eileen,Helenborough,Liberia,1/2/2021
66,Fernando,Lake Nancy,Lithuania,4/23/2021
67,Makayla,Georgeport,New Caledonia,1/20/2020
68,Tom,South Sophiaberg,Kiribati,8/18/2020
69,Virginia,Hartbury,French Southern Territories,1/31/2021
70,Riley,Erikaville,Canada,2/3/2020
71,Alexandria,Nicolasfort,Iran,2/20/2021
72,Richard,New Jasmineshire,Morocco,2/23/2020
73,Candice,East Summerstad,Zimbabwe,8/22/2020
74,Anita,Skinnerport,Russian Federation,2/9/2020
75,Regina,Raystad,Solomon Islands,1/15/2022
76,Debra,Colinhaven,United States Virgin Islands,7/11/2020
77,Brittany,West Reginald,Kyrgyz Republic,7/24/2021
78,Cassidy,Lake Sherryborough,Myanmar,10/21/2020
79,Laurie,Port Katherineville,Dominica,6/8/2020
80,Alejandro,Thomasland,Iceland,9/19/2020
81,Leslie,Coreybury,Micronesia,11/13/2021
82,Kathleen,Lake Janiceton,Saint Vincent and the Grenadines,9/12/2021
83,Hunter,East Clinton,Isle of Man,12/28/2020
84,Chad,South Joshuashire,Oman,11/15/2021
85,Corey,New Glenda,Fiji,2/18/2020
86,Emma,North Jillianview,New Zealand,5/13/2022
87,Duane,Lyonsberg,Maldives,7/21/2020
88,Alison,East Cristinabury,Benin,11/10/2020
89,Vernon,Thomasfurt,Yemen,4/15/2021
90,Lori,North Joeburgh,Namibia,1/9/2021
91,Nina,Cassidychester,Bhutan,3/26/2020
92,Shane,South Dannymouth,Hungary,7/6/2021
93,Collin,South Lonnie,Anguilla,6/29/2021
94,Sherry,Frankchester,Solomon Islands,4/4/2021
95,Darrell,Daisyborough,Mali,2/17/2022
96,Karl,East Richard,Guyana,1/30/2022
97,Lynn,New Bradview,Sri Lanka,7/10/2021
98,Fred,Ortegaland,Solomon Islands,9/18/2021
99,Yvonne,Lake Elijahview,Aruba,8/11/2021
100,Clarence,Judymouth,Honduras,3/11/2020
